sale_def,saleyymm,bed,bath,area_heated,area,dist_cbd,dist_lakes,pool,property_id,pcode
88142,200503,4,2,1270,3631,5211.83,638.57,0,265,1
78046,200212,2,2,1037,1307,14706.67,198.9,0,851,2
273777,200205,4,2,2821,10309,20897.89,3799.2,0,36,3
229185,200203,4,3,2341,9578,7057.41,193.39,0,619,4
464029,200405,4,3,2981,12287,7771.7,225.97,1,927,5
109152,200010,3,2,1307,10088,18662.69,496.94,1,796,6
190090,200303,1,1,960,269496,24917.13,96.46,0,376,7
259402,200411,3,2,2010,17270,12412.03,85.75,0,532,8
139069,200309,3,2.5,1873,9858,14387.11,248.78,0,665,9
204245,200410,4,2,1701,5658,23239.38,302.82,0,18,10
151295,200406,3,2,1704,5761,21174.92,531.72,0,716,11
141928,200408,3,2,1546,11461,10709.95,3743.18,0,525,12
172900,200204,3,2,1397,8758,4560.8,184.73,1,699,13
127167,200312,3,2,1166,12053,8025.37,350.87,1,252,14
69042,200110,3,1,1267,8083,25353.75,582.84,0,330,15
171259,200306,4,2,1684,6601,21427.69,448.46,1,425,16
105186,200409,3,1.5,1125,9380,17489.35,918.19,0,921,17
341505,200501,4,3,2507,23075,12334.3,311.03,1,404,18
187078,200107,4,2.5,2577,5500,19605.06,1552.88,1,249,19
77229,200205,3,2,1319,16026,7166.4,1026.98,0,28,20
183392,200206,3,2,2280,8621,14477.86,398.83,0,256,21
223719,200303,4,2,2227,12174,16208.64,873.78,0,212,22
247035,200405,5,3,2897,5873,21271.62,1760.57,1,595,23
192540,200312,5,3,2716,6751,21112.58,7705.76,0,988,24
226548,200405,4,4,2835,9013,14745.48,117.39,0,32,25
297864,200012,5,3,2762,15869,19948.18,509.26,0,944,26
67246,200208,3,1,1200,12003,20568.46,337.47,0,514,27
50102,200205,2,1,1014,13500,4893.37,388.26,0,381,28
163111,200105,4,3,2141,11051,12486.21,301.68,0,887,29
78536,200004,3,2,1158,6116,10764.64,669.44,0,428,30
121121,200007,3,2,1515,8247,12105.71,210.4,0,961,31
151085,200408,3,2,1542,11899,9720.22,121.25,0,994,32
155468,200202,3,2,1607,5609,21463.57,6829.82,1,398,33
100171,200402,3,2,1170,5752,6878.42,1270.06,0,402,34
236500,200209,4,2,2198,11552,13960.34,5026.41,0,675,35
122797,200102,3,2,1898,8569,20222.18,798.86,0,947,36
7629992,200311,6,8,10796,86488,17902.64,57.12,1,533,37
267918,200010,4,3,2561,11156,14842.87,284.1,1,881,38
315565,200106,4,3,3495,10910,7350.61,927.33,1,356,39
129057,200211,2,2.5,1240,3000,2880.63,571.27,0,939,40
290317,200311,4,4.5,3486,15151,11998.25,4804.38,0,117,41
94548,200007,3,2,1374,14185,9484.02,364.72,0,726,42
73970,200012,2,2.5,1096,1800,15526.23,3449.3,0,93,43
80947,200503,2,1.5,1480,7526,6864.86,284.67,0,813,44
202971,200410,3,2.5,1850,2553,15380.52,734.45,0,956,45
150631,200003,4,2,1859,16215,7152.1,321.74,1,502,46
499689,200212,3,3,4110,16024,18027.51,367.7,1,858,47
113956,200102,4,2,1600,12235,9837.77,1595.07,0,919,48
234289,200401,3,2,1959,6597,9437.17,297.04,0,201,49
154018,200403,3,2,1842,6062,21314.09,412.94,0,388,50
84195,200011,3,1.5,1139,8319,9558.2,221.42,0,231,51
91847,200101,3,2.5,1452,6757,11752.38,1737.41,0,207,52
99443,200108,3,2,1265,5610,15269.21,731.24,0,496,53
312352,200504,3,2,2693,40609,16546.77,851.51,1,288,54
413409,200405,4,3.5,3347,12376,3739.73,358.91,1,223,55
131359,200305,4,2,1334,7500,13109.93,4787.58,0,583,56
128461,200206,3,2,1443,5539,14823.12,2249.63,0,139,57
264735,200107,4,3,2765,10817,20623.27,7796.1,0,541,58
325510,200210,4,2.5,3059,20250,4228.69,324.42,1,923,59
238516,200209,3,2,2084,56730,13646.35,203.77,0,713,60
141681,200202,3,2,1470,5290,14734.23,5109.97,0,985,61
224988,200402,4,3,2582,7565,16356.93,858.1,0,387,62
216777,200304,4,3,2649,14998,18439.51,217.1,1,840,63
133797,200411,4,2,1517,7905,9227.57,845.11,0,472,64
472655,200308,4,3,3854,16221,16636.4,163.94,1,69,65
139573,200211,3,2,1498,6388,18955.43,4889.83,0,998,66
77608,200102,2,2,1036,2896,18825.97,5372.03,0,134,67
518672,200307,4,4,5372,25911,15611.12,123.4,1,399,68
83355,200112,3,2,1132,6418,12349.73,2943.45,0,957,69
124023,200405,2,2,1225,13639,17651.21,5588.37,0,814,70
143968,200012,3,2,2141,13079,7074.38,425.18,1,916,71
82261,200009,3,2,1108,16395,11071.22,742.08,0,90,72
133912,200307,4,2.5,2135,5500,20764.63,447.88,0,773,73
118775,200107,3,2,1874,5624,16878.16,5773.2,0,349,74
130035,200305,3,2,1718,7627,6560.04,336.56,0,97,75
29686,200212,2,1,806,15972,9871.44,508.83,0,401,76
228450,200503,4,2,1858,6601,20192.43,8171.97,0,688,77
141928,200407,3,2,1164,6216,14828.82,5131.42,0,229,78
153244,200307,3,2,1402,11360,9035.35,500.49,0,395,79
117285,200401,3,1,1176,8113,8026.64,399.51,1,86,80
109087,200011,3,1,1372,11165,4005.48,167.99,0,16,81
310907,200108,3,3,2485,5419,15875.37,112.13,1,863,82
110144,200009,3,2.5,1742,6529,12046.56,3728.52,0,319,83
112897,200108,3,2,1310,4924,12169.7,265.64,0,530,84
100428,200504,3,1,1125,8235,10831.11,646.55,0,528,85
90870,200102,3,2,1350,17322,7512.64,110.64,0,674,86
108325,200004,3,2,1690,11250,30378.05,1883.24,0,225,87
117077,200409,3,2,1792,10687,7173.45,554.12,0,836,88
208885,200403,2,2,1228,12496,3100.01,308.04,0,767,89
59453,200409,2,1,1108,6846,7732.64,682.86,0,839,90
183513,200106,4,2,1979,9904,17287.96,421.34,1,854,91
352532,200408,3,2,1785,15343,5851.56,22.05,0,949,92
148134,200111,3,2,1878,8852,12994.98,162.33,0,992,93
86467,200410,3,1.5,1025,7641,18129.91,1128.95,0,522,94
164190,200412,3,2,1414,8613,16255.85,3179.58,0,878,95
356268,200304,4,4,3906,27284,26454.54,2082.75,1,371,96
173765,200205,3,2,1610,8700,14103.45,991.89,0,340,97
171182,200007,3,2,2157,8983,6741.35,276.1,0,161,98
187405,200406,3,1,1844,13000,3328.65,793.79,0,667,99
164013,200309,3,2,1704,5941,13083.41,4847.13,0,534,100
175472,200308,4,2,1920,9977,13517.05,5262.71,0,986,101
72402,200205,2,1,770,10668,10718.92,112.77,0,783,102
96536,200205,3,1,1437,10564,6999.55,201.3,0,391,103
302170,200408,4,2,1959,8678,9575.58,123.59,1,819,104
176764,200204,5,4,3520,4998,8499.79,520.48,0,291,105
126515,200411,2,2,1108,3439,18701.65,5478.4,0,297,106
114921,200303,4,2,1644,9243,9013.39,1124.53,1,335,107
116516,200106,2,1,1340,5881,9367.2,94.51,0,264,108
78021,200101,3,2,1524,6496,8734.63,638.45,0,617,109
229329,200110,4,3,2395,11539,19965.05,1096.31,0,873,110
213893,200410,3,2,1984,23160,21501.34,2292.04,0,655,111
230374,200305,4,2,2168,6425,16424.52,435.47,0,251,112
210281,200409,3,2,2032,9505,23601.81,582.57,0,305,113
75165,200006,4,2,1176,8250,14333.47,419.23,0,360,114
127985,200204,3,2,1480,7094,15995.31,63.23,0,57,115
83946,200101,3,2,1200,7366,19641.68,1248.58,0,327,116
202260,200207,4,3,2348,8938,12437.17,406.31,0,616,117
137258,200407,3,2,1538,9294,9346.68,1626.59,0,478,118
65702,200504,3,1.5,1172,6747,17697.55,714.9,0,1,119
99991,200407,2,2,940,5421,15984.47,28.68,0,656,120
139491,200304,4,2,1943,12777,13195.21,415.23,1,462,121
110915,200105,3,2,1316,9456,21438.54,97.25,1,828,122
81938,200111,3,2,1150,6001,10876.14,335.12,0,542,123
89694,200108,3,2,1164,5748,16870.85,5012.26,1,45,124
268835,200201,5,3,3205,17211,24857.9,800.83,1,248,125
105293,200108,3,2.5,1543,4499,12014.65,1491.97,0,21,126
110336,200307,3,2,1237,5997,8155.49,1076.88,0,876,127
91431,200502,2,2,1059,7236,21190.96,350.96,0,92,128
402790,200204,5,4,3635,22068,20857.29,533.57,0,833,129
137712,200206,3,2,1468,7644,18099.68,846.79,1,336,130
106709,200106,3,2,1657,10872,14920.69,197.21,0,309,131
174688,200404,4,2,1544,9713,4462.73,166.47,0,590,132
79996,200101,4,2,1298,8245,8515.42,744.16,0,263,133
117352,200004,3,2,1623,12001,12925.07,437.48,0,348,134
136680,200302,3,2.5,1784,5520,9432.61,1678.74,0,910,135
89642,200107,3,2,1542,9521,28064.93,1597.31,0,725,136
110463,200003,3,2,1469,8256,18026.68,2901.68,0,735,137
113979,200204,3,2,1459,4500,15104.97,351.61,0,785,138
145287,200205,3,2,1522,10739,8055.22,75.33,1,443,139
78249,200503,3,1.5,1042,6937,17716.05,704.13,0,901,140
252592,200304,4,3,2650,8524,14231.19,5099.51,0,739,141
83550,200001,2,1,1258,8396,6292.39,1402.21,0,574,142
175807,200305,4,2,1996,5492,22095.11,1240.55,0,70,143
183737,200405,4,2,1719,6091,20832.36,5287.79,1,741,144
158723,200312,4,2,1576,6890,14013.45,3574.04,0,995,145
132881,200202,4,2,1574,4403,19056.7,4083.74,0,230,146
151757,200504,3,2,1431,8036,12706.64,2151.75,0,959,147
168336,200305,3,2.5,1850,10020,18209.28,1788.69,1,26,148
168196,200008,3,2.5,2020,6458,21878.23,3491.26,0,930,149
93775,200309,3,1.5,1290,8378,8305.62,1118.42,1,403,150
224958,200504,4,3,2756,8260,20438.48,360.16,0,556,151
31093,200004,3,1,1038,4904,1449.71,657.88,0,169,152
155663,200407,4,2,1868,5972,19350.94,1674.54,0,293,153
86786,200205,3,1,912,7498,8754.8,1623.17,0,108,154
107359,200402,2,2,1115,7486,16431.36,487.91,0,788,155
196513,200304,4,3,2299,6077,21650.73,3578.68,0,461,156
84720,200110,2,2,958,10128,11619.78,300.07,0,634,157
184286,200209,4,2,1829,10611,4790.53,524.31,0,266,158
277914,200102,3,3,3050,12358,20218.71,1613.93,1,430,159
240978,200207,5,3,3724,11682,12405.74,4742.62,0,644,160
181232,200107,4,2,1931,12335,15120.41,2242.34,1,937,161
298217,200209,4,3.5,3080,14378,19295.6,248.5,1,584,162
146665,200311,4,2,2098,9640,11630.84,164.97,0,980,163
142399,200307,3,2,1619,5000,21398.93,7064.61,0,151,164
165491,200503,3,2,1659,10058,8430.76,826.01,1,524,165
170699,200203,3,2.5,1817,3640,16354.7,127.06,0,383,166
148991,200110,3,2,1532,8161,3459.74,560.91,0,925,167
125846,200309,2,2,1206,4059,23121.44,2408.05,0,507,168
305013,200012,4,3,2481,11220,17320.32,396.64,0,809,169
151085,200408,3,2,1614,6637,21823.89,865.13,0,601,170
203950,200208,4,2,2298,8819,21994.37,1031.21,0,311,171
793832,200009,4,4.5,4504,20499,18090.42,515.11,1,246,172
289444,200304,4,3,2774,14652,18522.89,93.19,1,296,173
119079,200103,3,2.5,1993,9690,15996.25,82.57,0,868,174
211567,200504,4,2,1768,9781,22534.39,158.43,0,659,175
126738,200310,3,2,1709,8810,11688.97,625.63,0,588,176
120361,200005,5,3,2376,7501,10107.93,1542.75,0,331,177
317279,200408,3,2,2267,11932,7161.36,613.94,0,794,178
199396,200409,4,2,1911,7810,14614.24,2088.57,1,903,179
89488,200311,2,2,908,6983,6411.11,737.66,0,592,180
181302,200407,3,1.5,1386,6234,3981.02,1021.27,0,320,181
149529,200106,4,2,2014,12619,12535.75,352.77,1,367,182
103432,200503,5,3,2010,10128,4704.55,619.61,0,754,183
77723,200203,3,1.5,1094,8258,9827.94,251.56,0,687,184
93496,200108,3,2,1248,6386,7119.35,1487.95,0,85,185
172900,200204,4,2,2616,10800,14744.47,335,1,843,186
106175,200010,4,2.5,2376,11538,9119.39,1728.22,0,722,187
234969,200205,4,3.5,3080,19283,19645.21,420.26,1,386,188
163190,200004,4,2.5,2319,5400,14815.37,325.2,0,226,189
169088,200012,4,2,2075,6618,20117.84,735.72,0,933,190
245222,200309,4,2,1770,14467,5249.28,16.74,0,728,191
250612,200305,5,3,2738,15428,12804.04,76.97,1,355,192
176257,200110,3,2,2143,8051,9876.76,217.43,0,612,193
133741,200211,3,2.5,1358,6199,18284.07,2106.23,0,140,194
353783,200406,5,3,3050,11491,20419.03,1742.52,1,982,195
94659,200410,3,1,1051,8794,14391.22,1277.79,0,981,196
142087,200204,3,2.5,1760,3802,16325.33,115.06,0,123,197
115693,200006,4,2.5,2142,6630,22125.95,604.38,0,578,198
74122,200004,3,2,1173,8539,18088.82,390.78,0,316,199
134128,200405,4,3,2755,10848,8998.23,999.48,0,652,200
239075,200305,4,3,2735,7101,20995.37,3301.45,1,450,201
147884,200404,5,2.5,1820,11110,9187.68,1670.19,0,77,202
200446,200202,4,2.5,2505,30864,11761.54,164.16,0,672,203
126739,200011,4,2.5,1430,5366,18872.87,4115.23,0,593,204
182401,200410,3,2,1849,6017,22824.39,2236.99,0,608,205
215000,200209,3,2,2679,9471,20893.69,5164.37,1,997,206
133220,200205,3,2,1419,13065,6930.29,741.47,0,445,207
93453,200104,4,2,1258,8186,8538.36,1838.71,0,958,208
281201,200408,4,3,3162,6168,22862.04,530.72,1,154,209
97292,200005,3,2,1304,9214,11948.71,3890.99,0,976,210
190572,200004,4,3,2523,11270,21112.27,5153.35,0,801,211
123672,200110,3,2,1675,5049,14537.51,4119.12,0,121,212
207682,200002,4,2,2323,6900,20069.13,2618.1,1,962,213
1883188,200406,5,5.5,4871,44481,19477.76,56.05,1,210,214
78877,200110,3,2,888,8010,16480.8,238.98,0,33,215
214546,200502,3,2.5,1824,5956,9872.53,179.52,0,884,216
154849,200003,4,2,1697,5750,21058.31,1813.09,0,74,217
113037,200303,3,2,1350,7315,9782.41,1209.93,1,84,218
142956,200204,3,2,1739,11417,14255.81,2450.85,0,520,219
123067,200307,3,2,1240,8658,13241.1,4916.6,0,341,220
450157,200405,4,3,2837,24000,18660.07,285.46,1,476,221
144555,200206,4,2,2039,8690,12472.93,4256.23,0,313,222
242835,200209,5,3,3688,9019,22589.15,828.31,0,378,223
343691,200111,6,3.5,3866,11561,20972.43,3530.11,1,6,224
121439,200309,3,2,1310,4523,9928.27,1788.94,0,111,225
49911,200006,3,2,1100,1999,21992.3,526.8,0,406,226
131599,200011,3,2,1621,10001,19732.15,562.1,0,236,227
134951,200010,2,2,1008,7050,3830.82,955.08,0,581,228
184656,200405,3,2,1830,21851,14529.02,642.55,0,805,229
157828,200001,4,2,2478,15684,19506.74,878.25,0,808,230
116878,200002,3,2,1929,13073,15976.96,3295.72,0,630,231
415521,200012,5,3.5,2882,13771,17850.02,620.59,1,889,232
155593,200104,3,2,1819,13632,15030.18,308.84,0,929,233
105442,200003,3,2,1314,7131,9178.05,947.77,0,323,234
145678,200308,3,2,1793,8623,13557.86,395.83,0,598,235
129370,200201,3,2,1456,10000,29950.67,2256.33,0,907,236
129434,200204,3,2,1588,12745,12219.27,4026.76,1,983,237
179246,200210,4,3,2170,10802,13377.18,295.18,0,607,238
134616,200410,3,2,1300,4401,20002.29,1137.67,0,543,239
781839,200312,3,4,4767,16834,18639.26,572.79,1,146,240
238468,200410,5,3,3104,9250,14843.11,157.84,0,573,241
136108,200004,2,1,891,9965,3374.19,172.29,1,9,242
328364,200306,4,3,3193,19093,11016.18,3927.44,0,686,243
297476,200311,5,4,3195,10625,20727.87,642.15,1,806,244
138249,200203,3,2.5,2215,7061,24417.97,924.65,0,700,245
142022,200307,4,2,1470,4739,14899.03,5369.5,0,693,246
197115,200309,3,2,2373,10587,22076.84,160.02,0,721,247
683963,200404,4,2,2887,28896,9401.11,203.74,1,407,248
191195,200210,4,2,2153,7354,16952.1,246.57,1,531,249
157871,200409,3,2,1948,7076,25729.14,1267.79,0,786,250
154833,200105,3,2,1534,11795,7592.32,671.5,1,431,251
102801,200009,3,2,1612,7449,13924.94,840.28,0,484,252
217989,200310,5,3,2976,13688,21522.69,5798.28,0,812,253
91311,200002,3,2,1237,10540,12766.26,688.7,0,200,254
98925,200102,3,2,1279,7868,17066.14,840.05,0,650,255
114271,200406,3,2,1432,8257,8462.86,763.82,0,52,256
138659,200312,3,2.5,1561,2906,23182.13,2323.35,0,668,257
142952,200306,4,2.5,1718,5499,10788.86,409.23,0,902,258
63849,200405,3,1,1029,9584,12182.69,138.88,0,815,259
142396,200405,3,2,1324,5740,11856.63,3550.26,0,639,260
194499,200108,3,2,2391,14337,6051.12,38.14,0,890,261
118846,200109,3,2,1874,5499,16922.81,5831.24,0,628,262
113689,200103,3,2,1484,9822,8259.51,82.48,1,75,263
181576,200305,3,2,1633,6552,11594.54,385.36,0,209,264
108312,200411,3,2,1595,10629,18864.22,5607.36,0,116,265
255767,200005,4,2.5,3446,10472,20482.88,8005.85,0,765,266
170124,200307,4,2,1895,5498,21579.06,1343.86,0,113,267
102011,200203,3,2,1724,2080,20280.97,5386.19,0,567,268
63172,200001,2,1,936,8745,21362.29,336.44,0,882,269
164230,200403,4,2,1856,6667,15184.95,648.11,0,738,270
121371,200109,3,2,1248,7730,4752.99,357.67,0,572,271
155991,200311,3,2,1569,5502,22359.53,352.24,0,654,272
90084,200108,4,2,1522,10188,9864.43,248.59,0,318,273
395293,200408,4,3,3019,12888,22016.85,86.67,1,549,274
236608,200408,4,3,2529,12593,26639.18,1701.8,0,487,275
162775,200208,4,2,2052,6050,21318.05,291.66,0,895,276
118153,200012,2,1,888,6052,2120.35,724.07,0,965,277
197601,200408,3,2,2400,8790,22569.56,798.91,0,53,278
280011,200408,4,3,3363,9344,18007.64,769.04,0,605,279
184845,200402,3,2,1933,29149,28451.93,442.37,0,849,280
144608,200402,3,2,1327,11175,11256.71,365.4,1,423,281
129400,200001,3,2,1729,7155,15887.65,43.41,0,47,282
92184,200010,3,2,1427,4722,8451.93,803,0,379,283
99625,200308,2,2,966,3948,11683.21,1770.19,0,133,284
155572,200408,3,2,1480,16147,12099.03,24.28,0,570,285
154736,200110,3,2,1928,8055,18950.28,649.98,0,477,286
77916,200201,3,1,1130,7909,12683.48,845.13,0,426,287
233113,200406,4,2.5,2315,15322,23992.21,582.32,1,787,288
143760,200407,3,2,1140,3570,598.23,452.45,0,832,289
82004,200412,3,1,1350,8711,3746.14,253.11,0,483,290
102730,200003,2,1,1034,13479,3008.07,340.29,0,59,291
332861,200206,5,3.5,2988,9594,15668.7,2431.83,1,803,292
478467,200210,4,3,2292,55308,17453.87,116.44,1,328,293
116809,200205,3,2,1209,8864,17124.29,5354.5,0,141,294
591942,200501,4,3,2393,12454,8298.42,157.98,0,859,295
127426,200410,4,2,1490,7999,10335.58,1285.16,0,883,296
357065,200410,3,2.5,2380,6137,4856.21,583.19,0,286,297
98008,200201,3,2,1216,5061,17223.57,1368.93,0,709,298
205109,200407,4,2,2023,9489,23387.19,488.05,0,820,299
333139,200203,5,3,3585,15741,14821.24,665.66,1,31,300
119703,200212,3,2.5,1428,2947,14748.29,188.42,0,996,301
54374,200106,1,1,1628,6799,3045.28,445.48,0,566,302
103019,200206,3,2,1452,10070,9258.93,1167.68,0,168,303
148361,200312,3,2,1483,5000,19100.92,1991.3,0,517,304
183297,200104,4,2,2206,8629,14357.54,500.85,0,138,305
103027,200406,4,3,2257,9839,8979.09,2431.4,0,523,306
211113,200401,3,2,2216,9267,23845.64,192.43,0,432,307
102691,200402,3,2,1093,6571,10437.99,197.35,0,498,308
89282,200301,3,2,1066,7383,15276.96,452.97,0,131,309
174561,200306,3,2,1944,11595,14313.63,926.03,0,760,310
159065,200406,2,1,1173,7800,3127.5,135.38,0,565,311
180685,200207,4,3,2371,11628,14865.62,387.33,0,438,312
170468,200402,3,2.5,1850,2555,15253.9,849.92,0,454,313
148918,200406,3,2,1432,11299,11356.51,2177.78,0,670,314
102908,200201,2,1,1056,9077,5141.07,245.17,0,155,315
221055,200308,6,4,4022,10874,21265.74,152.03,0,547,316
217022,200306,3,2.5,2486,13931,20416.85,1044.64,0,241,317
248272,200301,4,2,1653,7692,3935.29,21.87,0,645,318
235756,200105,5,3,3163,9003,16361.97,732.89,1,954,319
258931,200308,4,3,2579,18526,25898.39,1500.95,1,101,320
149724,200112,4,2.5,2320,7194,21537.47,634.07,0,866,321
112279,200105,3,2,1579,5720,14110.84,2602.12,0,427,322
275942,200308,4,3,3876,9718,21792.94,1270.48,0,911,323
512146,200003,4,3.5,3992,43573,17531.27,153.53,1,669,324
541468,200011,5,4.5,4062,17158,19329.41,448.73,1,614,325
170124,200307,4,2,1861,10586,20028.91,7567.83,0,325,326
159964,200308,3,2,1985,6881,19336.48,3769.72,0,931,327
128519,200107,3,2,1714,5002,19887.7,727.82,0,857,328
15296,200210,2,1,964,4107,19193.45,1462.69,0,555,329
273113,200501,4,3,2894,5500,21473.19,1515.26,0,64,330
125799,200008,3,2,1828,8476,12155.24,261.81,0,908,331
146683,200403,2,1,836,9174,1973.98,219.21,0,762,332
170037,200111,4,2.5,2268,5568,13567.19,3855.94,1,178,333
135529,200203,3,2,1842,23009,10021.18,852.63,0,204,334
68519,200206,3,2,1000,6757,11585.43,3310.35,0,417,335
191741,200407,4,3,2361,6763,21643.43,131.26,0,106,336
135838,200106,3,2.5,2004,7440,21267.77,4320.37,1,618,337
124491,200212,4,2,1884,9975,11398.27,361.07,0,690,338
221163,200005,4,2,2411,12262,12458.91,343.64,1,413,339
171619,200003,4,3,2340,5167,9668.89,500.12,1,100,340
159457,200210,3,3,2127,4611,23435.08,392.63,1,125,341
342704,200205,3,2,2555,13051,2463.62,136.59,0,195,342
141908,200205,3,2,1793,8623,13557.86,395.83,0,60,343
101830,200201,4,2,1451,3399,15323.67,357.04,0,424,344
125941,200308,2,1,754,6363,6777.51,971.22,0,165,345
301679,200307,4,4,3470,11275,20388.63,483.02,0,599,346
130408,200011,3,2,1652,5539,21469.36,7019.31,0,435,347
224317,200304,4,2.5,2293,10959,12357.32,251.57,1,491,348
157103,200109,3,3,1713,7654,19081.35,647.54,0,281,349
90567,200008,3,2,1119,8291,6521.01,340.46,0,67,350
138282,200312,3,2,1671,23248,11559.62,72.23,0,253,351
143703,200106,4,2,1690,5635,19144.61,2049.89,0,400,352
1272979,200211,4,5,4860,23146,7806.76,175.23,1,945,353
368132,200206,5,5,3463,14088,13384.32,671.6,1,273,354
336061,200104,4,3,3572,28905,18223.28,25.39,1,368,355
114021,200412,4,2,1498,7249,8295.55,539.52,0,489,356
116830,200212,2,2,1118,5926,8722.83,864.46,0,885,357
147294,200504,3,2,1456,9101,13509.04,245.43,0,175,358
89186,200310,2,2,1022,4878,12818.51,636.72,0,861,359
136081,200307,3,3,1387,2743,22252.91,490.36,0,865,360
271089,200306,3,2,2965,7499,15708.93,2361.92,1,82,361
345206,200408,3,3,2373,11217,20067.13,210.26,0,662,362
263753,200303,3,2.5,1826,4266,2087.25,139.77,0,434,363
166123,200103,2,2.5,1192,6143,1300.51,98.68,0,886,364
142018,200101,4,2.5,2156,5042,15770.29,3339.13,0,237,365
160545,200503,3,2,1229,6031,13956.98,1836.18,0,635,366
127238,200304,4,2,1446,7471,24001.41,754.15,0,914,367
117747,200303,3,1.5,1396,8400,9773.05,1809.25,0,743,368
145095,200105,4,2.5,2075,5704,13658.69,372.94,0,255,369
602311,200206,5,3.5,2798,14968,8063.29,251.05,1,260,370
350612,200501,4,3,2896,47024,25368.27,193.13,0,219,371
211361,200503,3,2,1873,6881,10048.07,390.29,0,679,372
194467,200404,4,2,1701,5331,23409.25,459.13,0,850,373
153832,200407,3,2.5,1660,2909,22389.87,1220.87,0,475,374
129375,200212,3,2,1555,9943,23910.5,116.7,0,568,375
116019,200301,3,2,1563,7475,9909.45,1196.8,0,660,376
119786,200006,4,2.5,1831,5581,16563.78,5122.68,0,872,377
274178,200208,5,2.5,2652,6873,2778.43,497.23,0,382,378
107243,200108,3,2,1759,13559,13030.29,48.2,0,756,379
161647,200011,2,2,1796,9004,13318.16,762.07,0,798,380
137695,200305,3,2,1400,6050,12829.2,4541.09,0,274,381
94183,200005,4,2,1584,9998,9031.67,1054.41,0,642,382
83852,200005,3,2,1194,5001,12455.13,4204.3,0,545,383
46419,200403,2,1,720,8156,20315.76,1649.13,0,719,384
1124076,200410,4,4,4176,14963,5694.37,227.94,1,826,385
102826,200109,3,2,1619,8775,7541.33,396.5,0,474,386
147361,200207,3,2,1727,5000,20066.61,895.21,0,196,387
93694,200502,3,1.5,1003,8892,6748.08,395.05,0,176,388
107254,200212,3,1,1080,7349,5972,462.98,0,862,389
160977,200212,5,2.5,1792,5750,21121.71,1782.42,0,749,390
196518,200305,4,2.5,2042,6466,23488.68,474.07,0,470,391
110614,200406,3,2,1276,5505,9866.54,583.93,0,190,392
420291,200408,4,4,3410,10625,29539.54,2390.55,1,167,393
166824,200304,3,2,1662,13978,18805.54,2124.65,0,132,394
132979,200202,3,2,1578,9200,13090.55,74.31,0,98,395
773386,200210,4,4,4851,30716,14594.53,267.42,1,202,396
169856,200408,3,2.5,1660,1883,22427.78,1290.21,0,186,397
173390,200006,3,2.5,1923,4598,17691.31,1340.86,0,696,398
160792,200109,4,2,1928,7499,11382.38,213.31,0,717,399
342704,200205,3,2.5,2320,11652,7124.72,472.52,1,73,400
110039,200105,3,2,1297,5920,12122.03,383.14,0,847,401
220393,200405,3,2,1638,12728,16753.48,50.02,0,938,402
89834,200112,3,2,1422,10418,9013.4,1734.66,0,275,403
120579,200406,4,1,1678,16987,8286.5,350.48,0,673,404
917095,200205,4,4.5,3128,10376,7866.28,129.07,1,380,405
165694,200003,3,2,1708,6326,10982.02,425.82,0,536,406
134068,200212,4,2,1699,9133,5625.38,648.33,0,681,407
187200,200302,4,2,2232,14978,24092.54,918.27,0,277,408
206256,200301,4,3,2760,9376,13927.58,709.86,0,855,409
350704,200302,3,2,2140,29281,6358.71,46.53,0,258,410
292692,200409,5,2,1980,10456,7454.46,140.33,0,535,411
138735,200305,3,3,1453,2875,23646.25,696.75,0,337,412
132554,200406,4,2,1671,8842,15160.89,598.48,0,935,413
253787,200008,3,3,2332,6547,19257.12,716.4,0,602,414
96462,200305,3,2,1163,3577,21078.52,4899.06,0,441,415
106093,200008,3,2,1246,3240,20548.29,5869.34,0,708,416
107139,200002,3,2.5,1312,5491,18276.85,1889.42,0,166,417
214276,200309,4,3,2794,6600,21583.85,691.86,0,934,418
218174,200011,3,2.5,1979,9721,11033.68,1050.27,1,199,419
192174,200403,3,2.5,2054,2986,3044.07,321.2,0,664,420
166369,200404,4,2,1918,5251,18438.61,5506.83,1,512,421
253970,200504,4,2.5,2130,5623,18373.35,2096.29,1,353,422
518804,200410,6,4,5294,20553,20656.47,6684.71,1,109,423
513519,200305,4,3,3820,15833,18966.42,418.85,0,912,424
189339,200106,4,2,2598,9230,16931.5,5711.16,1,458,425
145180,200107,4,3,1898,8193,7022.51,87.39,0,479,426
268504,200410,4,3,2142,7992,20744.37,3153.48,0,344,427
389622,200208,4,3.5,3738,44549,36107.56,979.08,1,879,428
142107,200503,3,2,1672,10498,20908.47,501.49,0,56,429
240811,200210,4,3,2382,11605,8556.34,582.59,1,770,430
208905,200207,5,2.5,2705,6788,12788.36,4516.72,0,732,431
144073,200206,3,2,1948,5500,25057.55,1557.8,0,302,432
114108,200307,3,2,1330,10019,6959.85,564.54,0,124,433
222277,200308,3,3,1892,12056,13348.98,892.51,0,282,434
89186,200310,4,1.5,1370,7110,19226.9,1299.52,0,412,435
199228,200311,4,2,1874,7201,15613.24,281.75,1,966,436
106579,200202,3,2,1345,6282,15996.02,3948.88,0,641,437
204947,200205,3,2,1645,16271,8586.52,388.64,0,896,438
149286,200008,2,2,2852,14402,22720.49,136.34,0,951,439
148541,200409,4,2,1732,8046,12752.72,672.27,0,130,440
210650,200304,4,3,2282,10193,14662.26,393.94,1,891,441
78240,200204,3,2,1199,8607,9193.89,844.99,0,254,442
193527,200402,4,2,2108,7986,20195.35,188.24,0,677,443
119774,200204,3,2,1392,6756,9712.68,1673.26,0,397,444
170224,200108,2,1,1160,7450,2519.35,671.68,0,661,445
159833,200102,3,2,1783,5777,18812.96,4615.15,0,751,446
153242,200003,4,2,2075,7177,17241.79,373.87,0,539,447
69080,200308,3,1.5,1296,16729,28491.11,206.92,0,740,448
110210,200012,3,2,1264,8221,21673.97,688.37,0,615,449
199048,200109,3,2,1438,8653,5155.83,223.14,0,488,450
144763,200310,3,2,1729,8250,12119.51,3956.56,0,623,451
614854,200011,3,2,2400,58457,18847.56,80.67,0,396,452
247083,200001,5,3,2824,28899,25751.96,1224.91,1,753,453
91537,200110,3,2,1112,6202,8130.73,1707.42,0,706,454
112020,200108,3,1.5,1311,8639,3733.29,260.84,0,238,455
120424,200007,3,2,1628,10125,14846.21,35.49,0,295,456
199921,200404,4,2,2406,7826,13483.32,5272.62,0,171,457
152633,200308,3,2,1644,5321,21123.5,1180.57,0,987,458
108748,200106,3,2,1420,5536,21369.74,4358.33,0,904,459
244032,200004,4,3,2520,12494,17995.07,211.61,1,466,460
213893,200410,4,2.5,2947,5047,14509.62,3911.51,0,49,461
127771,200006,3,2,1860,9713,17472.81,624.74,0,790,462
84188,200103,3,2,1440,11193,8386.56,1827.97,1,747,463
135785,200206,3,2,1801,10144,13057.25,261.39,0,290,464
99229,200009,2,1,720,9020,2355.24,444.62,0,759,465
1005953,200102,4,5,6252,26159,16847.24,34.77,1,61,466
154354,200404,4,2,1913,7658,13683.59,3982.42,0,775,467
111564,200109,3,2,1434,11025,5116.35,433.63,0,967,468
161250,200209,2,1,1125,8140,2877.78,365,0,115,469
153182,200403,5,2,3363,42449,23856.42,424.21,1,597,470
113485,200305,3,2,1782,10732,12687.26,405.77,0,334,471
94784,200004,3,2,1246,3240,20707.8,5869.04,0,361,472
115156,200409,3,2,1241,7190,12784.97,2340.65,0,609,473
137057,200311,4,2,1451,11177,8491.41,1167.12,0,459,474
89839,200006,3,2,1268,7000,8904.39,207.56,0,526,475
220867,200308,4,3,2494,10775,19498.69,6863.63,1,191,476
178573,200308,4,2,2112,9183,18155.66,6436.11,1,680,477
122847,200305,3,2,1315,7511,15632.85,507.28,0,554,478
81894,200108,3,2,1597,7310,8140.89,201.42,0,315,479
289777,200204,3,1.5,2234,10075,1681.76,107.48,1,429,480
133459,200003,4,2,1810,5337,18704.18,1155.59,0,800,481
132990,200206,2,1,990,14186,2955.29,255.41,0,613,482
438960,200303,4,3,3122,15934,10520.34,373.46,1,179,483
97061,200408,3,2,1057,7376,20772.63,462.79,0,777,484
132490,200202,3,2,1555,11700,8106.67,583.64,0,135,485
109081,200312,3,2,1264,5362,9882.01,404.9,0,928,486
133903,200504,2,2,1312,6944,16729.12,2552.49,0,860,487
136051,200401,3,2,1680,9183,8951.31,1826.68,0,185,488
205799,200409,5,2,1992,12440,8653.89,180.58,0,79,489
176724,200408,3,2,1823,9902,13065.83,306.89,0,409,490
92060,200007,3,2,1476,10171,8889.28,1864.39,0,267,491
386209,200312,4,3,2458,12864,2275.26,135.88,1,692,492
294740,200308,4,3,2878,9750,22625.45,626.1,0,577,493
447343,200208,4,4,3888,14928,18167.6,797.9,1,500,494
175612,200404,3,2.5,1940,9203,14320.28,235.36,0,894,495
442349,200411,4,4,3688,21785,13886.18,528.47,1,78,496
301658,200204,3,2.5,2338,15745,19984.94,454.4,0,537,497
133797,200410,3,2,1464,7400,7776.17,1680.82,0,653,498
143180,200303,3,2,1565,5751,18260.63,5488.98,0,571,499
154699,200503,3,2,1351,7642,28537.08,1358.06,1,559,500
80068,200303,3,1,1025,5983,12497.92,444.23,0,373,501
132264,200412,3,2,1408,12995,10741.32,225.58,0,289,502
127426,200410,3,2,1260,7920,13487.69,1070.06,0,874,503
40313,200209,2,1,1048,7836,15269.76,290.92,0,102,504
215147,200303,3,2,1858,5594,17023.53,1478.43,0,515,505
167383,200412,3,2,1691,5622,21126.19,546.5,0,279,506
75557,200108,3,1.5,1120,14967,10225.99,72.76,0,831,507
121059,200009,3,2,1782,6050,11119.22,743.49,0,144,508
164015,200205,3,2,2092,11216,14944.37,502.72,0,900,509
145610,200003,3,2,1832,9281,12795.99,222.69,1,105,510
180202,200211,4,2,1976,34382,27111.44,1635.62,0,369,511
124387,200307,3,2,1424,6632,19921.75,1915.93,0,909,512
222322,200405,4,2.5,2047,8140,19537.11,5890.72,1,222,513
279090,200502,3,2,1532,6604,2258.17,814.56,0,842,514
146570,200111,3,2.5,1457,4401,19051.95,4001.37,1,114,515
146326,200104,4,2,1682,8268,17395.33,5579.67,0,42,516
93055,200007,6,2,1827,9424,14818.47,844.07,0,118,517
839306,200307,5,5,5077,32541,14490.97,164.62,1,636,518
135175,200210,4,2,1449,5225,14413.83,5130.14,0,414,519
217261,200502,4,2,1782,13916,16971.98,68.65,1,11,520
174747,200012,4,3,2367,8792,18959.4,5885.11,1,603,521
91847,200101,2,2,1312,6962,15562.8,3286.69,0,663,522
107123,200404,2,1,1143,9240,8566.64,2062.89,0,853,523
687994,200502,5,4,3887,15435,19662.97,278.23,1,306,524
224284,200311,5,2.5,2740,5541,21592.6,1399.82,1,978,525
110231,200005,3,2,1276,4958,8721.14,1138.23,0,990,526
112530,200309,2,2,1420,16610,19875.42,1638.84,0,285,527
133373,200404,2,2.5,1278,1701,17704.1,1598.27,0,485,528
142238,200303,4,2,1465,5650,14669.87,5544.94,0,793,529
310214,200206,5,3,2939,14203,23028.26,897.79,1,880,530
124604,200204,3,2,1334,5750,16810.65,5152.95,0,392,531
110588,200002,4,2.5,1727,6687,10685.31,259.83,0,149,532
243019,200411,3,2.5,2162,5500,20806.2,2062.48,1,242,533
907855,200106,5,6,5494,12044,16193.33,29.87,1,915,534
131775,200301,4,1.5,1776,26535,13413.26,541.14,0,38,535
112907,200112,3,2,1260,5250,20931.09,5317.96,0,600,536
191546,200405,4,2,2014,13440,16187.03,845.15,0,779,537
89941,200503,1,1,1086,7005,8944.21,346.67,0,703,538
161712,200201,4,2,2202,12849,11829.55,4363.27,1,448,539
267950,200107,5,3,3100,7979,15099.33,2601.38,1,518,540
155077,200308,3,2,1514,5060,15438.17,2915.49,1,913,541
121059,200010,4,2,1769,7585,11361.66,451.24,0,104,542
203403,200406,4,2,1618,8452,8241.34,1673.52,0,129,543
183737,200405,3,2,2012,11109,12543,4279.26,0,898,544
124532,200205,3,2,1731,13914,12253.87,160.47,0,689,545
136741,200307,3,2,1577,5053,15202.63,632.13,0,464,546
200641,200303,3,2,2033,15303,15624.92,116.07,1,153,547
320822,200207,5,4,3138,9749,16862.18,313.9,1,975,548
85467,200102,3,1,1382,11057,14553.54,1204.41,0,208,549
82520,200102,3,2,1135,3600,15656.46,355.33,0,544,550
126816,200104,4,2,1877,5254,20379.33,556.27,0,278,551
69320,200011,2,1,1098,8182,8117.16,1738.78,0,460,552
151447,200309,2,1,792,7179,3273.26,642.65,0,758,553
115638,200302,3,2,1279,8899,10986.82,809.53,0,137,554
132899,200005,2,1,1065,6800,3377.29,338.99,0,354,555
141202,200303,3,2,1619,5000,21401.64,7079.41,0,591,556
328065,200108,4,3,3388,11992,18333.47,571.04,1,63,557
149270,200411,3,2,1703,2875,23557.31,607.51,0,955,558
156274,200312,3,2.5,1507,4261,22591.94,276.35,0,34,559
116922,200406,3,2,1490,12689,6106.63,1058.26,0,731,560
332029,200412,4,3,2639,14153,17992.46,218.34,1,733,561
105501,200303,2,1,953,7501,5493.63,223,0,691,562
249022,200412,4,2,2276,8252,14860.64,108.49,0,250,563
222777,200303,7,4,4052,8669,21096.99,88.1,0,940,564
197261,200402,4,2,2202,10079,22893.85,602.27,1,917,565
314191,200405,5,4,3501,11647,20343.17,1750.46,1,8,566
329278,200409,4,3,2812,11967,20521.17,1250.16,1,247,567
108548,200412,3,1.5,975,8354,21398.33,281.16,0,192,568
193659,200403,4,2.5,2838,6092,17123.26,5167.61,0,65,569
73309,200308,3,1,1008,6863,18229.72,757.22,0,54,570
187760,200310,3,2,1460,8629,3321.06,543.46,0,841,571
139093,200204,3,2,1732,10126,14222.67,347.99,0,156,572
95161,200010,3,2,1309,4004,10292.54,2148.77,0,490,573
164571,200105,4,2,2048,13000,12841.6,87.48,1,211,574
75918,200003,3,2,1265,9604,9348.51,144.57,0,625,575
109105,200006,4,2,1661,9943,8905.07,1091.91,0,197,576
108263,200109,3,2,1448,9650,11444.1,291.21,0,152,577
366929,200011,5,3.5,3661,6526,1296.29,164.84,1,87,578
113026,200107,3,2,1685,6870,16400.78,4324.36,0,40,579
153260,200004,3,2,1737,6752,21902.96,3710.68,1,799,580
373216,200008,4,3.5,2741,11724,8655.27,510.4,0,560,581
96384,200002,2,2,864,7011,3098.29,502.87,0,126,582
199272,200309,4,2.5,2261,14620,15917.65,572.93,1,463,583
187358,200110,3,2,2136,8625,11924.69,4395.63,0,304,584
75265,200006,3,1.5,1025,11096,8675.31,686.6,0,626,585
131876,200312,3,2,1466,7875,12142.77,4126.71,0,844,586
85561,200103,3,1,1279,15179,16749.73,565.26,0,24,587
108341,200403,2,2.5,1174,1629,16800.21,4768.32,0,683,588
107841,200309,3,1,1152,12392,10219.31,1405.29,0,342,589
167201,200108,4,2,1877,11892,5632.39,303.2,1,198,590
128053,200409,3,1,1490,12820,24478.92,672.6,0,37,591
156519,200502,3,2,1154,5041,14659.99,5534.94,0,638,592
140513,200307,3,2,1503,5859,14254.38,2444.65,0,91,593
310817,200406,4,2,1783,11880,5055.09,380.93,0,856,594
128090,200111,3,2.5,1784,4400,23744.3,151.75,0,437,595
234668,200111,4,3,2508,11245,17513.25,141.57,0,510,596
197558,200206,2,1,1473,10800,4093.62,185.21,0,72,597
468201,200205,3,2,2131,20286,3324.61,33.33,1,824,598
103761,200411,4,2,1528,6501,9271.27,1674.07,0,493,599
166499,200005,4,2,1559,5750,21030.59,1865.14,1,232,600
746432,200008,4,2,3196,10030,7573.83,30.65,0,816,601
1462402,200108,5,5.5,6799,25704,6465.95,110.74,0,968,602
59573,200012,4,2,1192,7862,7534.01,1256.81,0,778,603
248022,200311,5,3,3183,10625,21435.4,178.42,0,160,604
141324,200004,3,2,1708,5500,15741.35,3703.7,0,214,605
232456,200402,4,3,2376,10492,20842.13,1058.39,0,55,606
119262,200107,3,2,1642,8200,11851.08,198.35,0,384,607
275162,200310,4,2.5,2855,10121,13971.09,227.29,1,299,608
256753,200407,4,2.5,2626,5750,22975.05,159.58,0,736,609
106985,200107,4,2.5,1498,7401,6744.49,1101.11,0,158,610
124341,200311,2,1,1304,6601,10831.68,449.13,0,440,611
166391,200503,3,2,1826,11016,9069.36,479.55,0,624,612
153925,200208,3,2,1681,10201,14417.84,842.02,0,177,613
234685,200105,3,2.5,2848,10575,16627.47,1933.51,0,480,614
146240,200108,3,2,1815,9910,2102.7,340.84,0,127,615
284191,200003,4,3,2598,13301,12449.75,224.14,1,640,616
58706,200201,3,1,932,9417,8356.25,263.14,0,676,617
92964,200205,2,1,1032,10133,3814.53,285.91,0,772,618
222614,200206,4,1,1440,13398,3980.52,113.58,0,877,619
199964,200310,4,2.5,3069,9536,21123.63,3164.1,0,3,620
186315,200205,4,2.5,2512,9020,16825.62,2711.53,0,771,621
215090,200408,4,2.5,2450,6354,22101.57,90.33,0,838,622
145655,200212,4,2.5,2250,5400,21411.67,1073.51,1,802,623
172202,200306,4,2,1745,9264,8505.19,1997.99,0,811,624
177633,200308,4,3,2295,5485,21484.31,1542.04,0,172,625
114021,200412,3,1,1240,11607,20145.21,805.36,0,768,626
340876,200503,4,3,2338,13295,21016.35,3673.14,1,436,627
105028,200309,4,2,1626,8843,9343.09,2516.06,0,51,628
171487,200412,3,3,1941,6163,21350.38,3512.34,0,145,629
91337,200006,3,2,1624,49731,7121.88,1284.82,0,932,630
96790,200004,2,1,879,7111,4521.61,224.07,0,684,631
93504,200109,3,2,1323,6027,9249.69,614.69,0,15,632
47515,200006,2,1,1632,13416,18437.7,514.06,0,823,633
95914,200208,3,2,1210,6315,9896.94,496.44,0,991,634
120361,200005,3,2,1619,5250,21441.46,6944.67,0,649,635
108183,200204,3,2,1379,8442,4785.68,392.09,0,393,636
200531,200407,5,4,2782,5568,21794.34,1465.87,0,835,637
2411553,200305,6,6.5,7545,56616,17433.39,61.79,1,906,638
105556,200401,3,2,1356,5475,21542.71,84.87,0,14,639
120778,200306,3,2,1705,12598,7521.63,1014.31,0,971,640
95763,200212,2,2,1070,6819,16145.28,2535.31,0,107,641
75342,200204,2,1,1116,10429,19692.18,760.56,0,375,642
57519,200308,3,1,1158,25018,5359.2,250.93,0,682,643
127089,200012,4,2,1528,5000,17380.83,645.49,0,228,644
223323,200106,3,2,2792,10846,19842.18,6671.29,1,326,645
118732,200007,4,2.5,2200,17516,21744.23,741.17,0,729,646
138348,200411,3,2,1364,5308,12293.46,1177.09,0,227,647
1006128,200409,4,4,4729,17025,17138.11,136.06,1,43,648
87387,200109,3,1.5,1242,10448,8024.6,600.54,0,647,649
259336,200307,4,3,2362,47071,25785.32,609.46,1,203,650
570177,200501,4,3.5,3493,12842,13211.22,314.99,1,457,651
249532,200308,4,3,2450,9489,16146.14,89.61,0,206,652
99189,200012,3,2,1268,7542,15543.24,639.07,0,142,653
161762,200309,3,2,1617,7623,14891.14,3156.62,0,7,654
150884,200309,3,2.5,2176,13001,21493.76,73.55,0,575,655
245052,200304,4,3,2297,12219,21198.57,105.93,1,893,656
213288,200107,4,3,2121,18962,8500.8,380.04,1,922,657
215858,200503,3,2,1672,6512,16683.73,5575.17,1,970,658
144719,200410,3,2,1315,8184,16701.52,4625.03,0,837,659
287811,200503,3,2,1590,6775,3586,561.04,0,280,660
161740,200012,3,2,1810,8509,2809.46,561.84,0,792,661
186588,200410,3,2,2008,11226,14894.77,474.78,0,213,662
166230,200106,3,2,2084,6944,14229.23,3269.64,0,845,663
86994,200210,3,1,1088,10402,6406.9,1095.72,0,817,664
246643,200406,4,2,1959,6760,9375.95,195.01,0,718,665
181638,200306,3,2,1735,10041,11532.08,563.23,0,180,666
106820,200502,3,1,1104,10130,7986.39,860.41,0,345,667
173248,200209,4,3,2370,11398,29712.75,2865.54,0,243,668
252714,200402,5,3,2704,7475,23035.39,237.21,0,848,669
134020,200404,3,2,1792,16959,19263.03,4937.28,1,284,670
175257,200302,4,3,2105,7178,19235.27,1191.22,0,173,671
94087,200201,3,2,1719,11155,9783.59,330.34,1,312,672
469766,200412,4,3,2768,18571,12487.09,20.09,0,19,673
209681,200309,4,3,2024,10784,20892.62,8139.11,1,875,674
198700,200408,3,2,2075,9936,23580.2,637.4,0,972,675
89702,200501,3,1.5,1104,6811,7311.31,1197.57,0,283,676
162736,200009,5,3,3311,8959,21909.42,452.39,0,810,677
120230,200001,5,3.5,2195,21345,11242.42,413.93,0,333,678
155807,200105,4,2.5,1972,7495,11590.43,371.76,0,88,679
115109,200303,3,2,1582,5501,19020.79,1298.94,0,447,680
519088,200501,3,2,3528,23361,19485.91,202.16,1,707,681
87806,200404,2,1,1008,7647,15734.34,598.58,0,830,682
152001,200107,2,2,1333,8700,14058.8,1056.73,0,710,683
123638,200204,2,1,1090,7005,2938.5,188.95,0,17,684
142709,200312,3,2,1398,5250,21305.16,1189.32,0,960,685
286525,200404,4,3,2721,12047,10787.95,517.87,0,540,686
69107,200004,2,2,982,2986,15030.54,3519.28,0,678,687
186618,200402,3,2.5,3269,31296,17797.26,408.45,1,128,688
128831,200402,3,2,1328,6466,9335.55,1569.33,0,44,689
119362,200306,4,2,1433,10165,7916.11,437.47,0,953,690
193987,200406,4,2,2155,7359,22375.16,810.21,0,218,691
163271,200102,4,3,2048,5319,16489.57,2388.71,0,89,692
219750,200108,3,2,2909,8584,21245.52,2004.06,0,519,693
89779,200205,3,2,1318,8776,21047.66,283.32,0,346,694
305029,200412,5,3,3562,9065,18564.57,1444.48,0,358,695
167503,200005,4,2.5,2293,10790,7311.69,1053.44,1,497,696
251978,200311,4,3,2780,10747,13808.41,5538.56,0,499,697
190791,200308,4,2,1630,8246,7894.24,1434.87,0,287,698
240924,200206,4,4,2991,11678,18237.06,152.74,0,505,699
70689,200112,3,1.5,1040,14624,24268.43,688.62,0,339,700
247868,200111,4,2.5,2941,9100,16255.39,1908.87,0,322,701
151085,200407,3,2.5,1718,8186,10642.29,262.31,0,818,702
160126,200210,4,2,1972,9504,21413.97,385.62,0,580,703
158288,200403,3,2.5,2213,9271,12120.9,3865.48,1,244,704
182136,200501,3,2,1396,6288,13868.15,220.26,0,351,705
125223,200001,3,2,1426,12240,19423.97,434.84,0,240,706
128586,200101,3,2,1594,5001,14995.17,410.14,0,576,707
249953,200306,4,3.5,2788,14537,18915.4,427,1,456,708
203602,200307,4,2,2328,10392,19082.34,1733.84,1,720,709
234461,200502,3,2,1685,8634,8795.28,1985.74,0,411,710
122097,200212,3,2,1472,11375,10439.21,3328.52,0,321,711
91049,200201,3,2,1031,6064,9313.14,724.37,0,695,712
146454,200307,4,2,1995,6050,13112.77,733.91,0,563,713
201108,200203,3,2.5,2054,2986,3044.07,321.2,0,646,714
199156,200502,4,2,1929,5537,21189.5,97,0,897,715
253555,200204,3,2,1981,7284,2732.02,162.05,0,513,716
123575,200105,4,2,1633,8236,14434.38,2676.83,0,332,717
362095,200312,5,3.5,3980,9665,23282.23,640.75,0,569,718
142319,200304,3,2,1556,12026,12413.61,193.05,0,509,719
104090,200309,3,2,1440,7583,10187.32,2290.71,0,501,720
427530,200102,5,4.5,3087,11200,17911.41,584.32,1,170,721
728899,200011,4,3,3528,40533,16571.1,67.31,1,408,722
67366,200503,3,1,988,6745,3390.63,325.56,0,864,723
212503,200204,4,2,2856,9374,14095.27,154.02,0,482,724
133879,200011,3,2,1628,8000,18021.23,4649.77,0,372,725
197926,200304,3,3,2239,8542,12664.67,513.24,1,869,726
171635,200206,3,2.5,2293,5753,16360.01,64.66,0,469,727
148000,200405,2,2.5,1380,2400,22612.86,433.95,0,780,728
444286,200406,4,3.5,3272,5558,15795.21,203.72,1,492,729
228765,200210,3,2.5,2361,8781,17083.57,1465.87,0,702,730
294611,200103,4,4.5,3341,13515,19962.31,986.31,1,744,731
136527,200410,3,2,1183,5000,14550.5,2566.33,0,468,732
380369,200312,3,2.5,2423,6866,5158.52,827.04,0,964,733
371810,200411,4,3,2686,10685,17010.74,179.16,1,752,734
138530,200205,3,2,1786,11060,15009.17,518.13,0,604,735
121757,200502,3,2,1151,7190,12852.74,2382.71,0,557,736
117388,200308,3,2,1806,25292,13644.09,248.38,0,776,737
388522,200406,3,3,1975,12511,2011.79,250.48,0,439,738
212087,200406,3,2,1595,10809,17197.31,213.4,0,184,739
85591,200007,3,2,1764,9244,8834.89,2336.81,0,66,740
124245,200207,3,1,1150,7190,3244.5,346.77,0,271,741
331469,200202,4,2,2025,8799,2862.23,168.55,1,888,742
81942,200104,4,2,1271,8844,15151.27,567.19,0,181,743
118297,200501,2,1,897,8249,10907.3,2590.37,0,444,744
172025,200411,3,2,1866,10607,12415.51,377.54,0,529,745
911689,200205,4,4.5,4561,20469,17805.94,390.38,1,317,746
247338,200503,3,2,1806,18690,4113.08,152.96,0,977,747
207140,200312,4,3,2259,11067,13816.19,321.71,1,71,748
78406,200103,3,1.5,1035,6750,5838.91,396.35,0,993,749
124604,200008,3,2,1838,5499,11326.27,3147.53,0,538,750
218387,200407,3,2.5,2257,5255,22467.47,1667.91,0,455,751
108756,200305,4,2,2677,9645,10567.64,1087.74,1,504,752
116758,200105,3,2,1325,9025,4167.8,192.82,0,782,753
154680,200207,3,2,1585,5500,22443.86,388.88,0,594,754
157372,200012,4,2,2046,5150,18902.85,2243.97,0,622,755
148071,200309,3,2,1553,7583,13652.4,4061.67,0,4,756
189142,200406,3,2,1622,10620,14523.83,583.05,1,963,757
132197,200005,3,1,1211,5002,3038.26,622.8,0,324,758
165708,200008,2,2,1617,6219,1942.1,780.39,0,596,759
188180,200412,3,2,1851,6116,23903.85,963.83,0,187,760
299903,200201,4,3,2958,21350,13807.75,767.57,1,755,761
172935,200411,3,2,1919,9200,12860.65,203.63,0,979,762
316934,200404,4,3,2748,12584,20817.78,7738.61,0,946,763
142741,200504,2,1,894,6983,16158.89,3270.1,0,257,764
420745,200409,4,3,2764,12822,10390.12,322.34,1,259,765
104683,200105,3,2,1303,4298,17886.58,1348.92,0,552,766
289127,200012,4,3,2845,11246,17830.86,380.39,1,347,767
192628,200207,3,2,1089,8480,4455.19,475.08,1,969,768
265543,200407,4,3,2077,11476,5982.43,256.03,0,521,769
111122,200304,3,2.5,1383,8397,9736.16,1968.25,0,224,770
264051,200307,4,3,2299,7646,7363.26,73.39,0,110,771
116047,200403,3,1.5,1107,11394,7902.9,396.52,0,561,772
441951,200203,3,2.5,2535,11201,18707.01,425.25,0,183,773
328555,200307,4,5,2556,5820,15938.77,248.58,1,936,774
120573,200303,3,2,1264,11034,17670.39,3457.19,0,415,775
103310,200004,3,2,1415,6438,15845.68,3769.13,0,651,776
123191,200504,2,1,951,7499,12270,228.06,1,357,777
125075,200004,3,2,1901,5712,22861.85,190.61,0,359,778
184767,200410,4,2,1960,5473,14034.67,2530.47,0,352,779
164421,200012,3,2,1740,6444,22297.34,1657.15,0,215,780
191950,200107,4,3,2716,12534,12870.52,153.47,0,205,781
71415,200504,2,1,1433,8749,17171.19,549.39,0,410,782
319277,200402,4,3.5,3080,14070,19535.96,347.6,1,511,783
152783,200301,3,2,1651,8002,14786.98,572.8,0,22,784
168293,200012,3,2,2053,9989,18785.06,370.29,1,300,785
201026,200406,4,2,2046,10994,13337.51,150.7,1,394,786
237015,200202,5,4,3129,11384,9790.97,252.85,0,159,787
199765,200412,4,2,2016,7240,17616.48,624.09,0,262,788
155796,200304,3,2,1960,5720,12977.67,753.32,0,308,789
93986,200308,3,2,1440,2300,22035.25,669.33,0,899,790
114654,200403,3,2,1120,9226,9880.8,2384.85,0,81,791
200170,200312,4,3,2392,10127,15481.68,550.87,1,23,792
99818,200003,3,2,1480,6475,12967.8,380.31,0,94,793
181282,200310,5,3,2782,5900,21073.68,7943.57,0,757,794
384303,200504,3,3,2340,9000,12013.03,752.06,1,582,795
275514,200405,4,3,3158,13844,11786.55,4624.79,0,834,796
383768,200406,4,4,3887,15146,13460.6,370.53,0,714,797
273378,200310,4,2.5,2592,9602,17539.76,1054.97,0,763,798
292464,200407,4,3,3081,8400,23699.31,2458.59,0,189,799
249953,200504,4,2,2210,6601,21236.23,6059.5,0,546,800
138348,200410,4,3,1627,8545,7376,961.37,0,871,801
117482,200308,3,2,1245,6984,10053.43,1536.18,0,797,802
125283,200312,4,2,1634,9194,18559.34,5648.56,0,270,803
163904,200311,4,2.5,2135,5954,21699.31,824.91,0,452,804
131886,200410,4,2.5,1890,8311,11670.39,491.29,0,245,805
152975,200107,4,2.5,2487,10412,17816.34,1123.11,0,562,806
95351,200207,3,1,1071,14374,10316.1,425.74,0,377,807
116941,200008,3,2,1511,5249,21622.3,6979.93,0,558,808
87260,200401,2,1,1056,7031,8245.08,240.17,0,390,809
97660,200306,3,2,1240,9835,21071.78,422.05,0,419,810
106720,200005,3,2,1726,9875,12698.25,592.94,0,745,811
175283,200105,3,2,2183,5282,23112.18,1378.47,0,746,812
135450,200403,3,2,1341,2084,19933.95,3996.29,0,999,813
107292,200106,3,2,1385,5004,11914.46,1812.55,0,822,814
127391,200007,3,2,1557,5251,13502.98,3815.33,0,5,815
113054,200011,3,2,1488,12691,11521.9,512.17,0,30,816
124823,200207,3,2,1192,4750,14375.6,5245.29,0,235,817
129562,200305,4,2,1652,7417,16066.5,3989.77,0,621,818
187018,200208,5,3,2694,6582,21362.08,333.71,0,827,819
113739,200110,3,2,1598,5819,15356.52,749.46,0,734,820
66600,200005,3,1.5,1244,7948,7836.24,1167.59,0,20,821
271163,200401,5,2.5,3324,8107,20155.69,2645.65,0,761,822
159502,200310,3,2,1755,12068,11868.55,485.32,1,694,823
168355,200208,5,3,2254,11311,14735.67,717.52,0,704,824
254521,200204,5,3,3227,8649,11872.37,4308.45,0,550,825
150828,200010,4,2,1904,9460,17430.15,159.15,0,12,826
67894,200502,2,1,768,4320,21479.8,469.69,0,350,827
126773,200006,4,2,1934,5132,14497.39,4063.53,0,648,828
380002,200407,4,2.5,2187,12233,3525.82,210.31,0,58,829
68007,200203,3,1,851,6607,19301.52,1024.2,0,471,830
351720,200505,4,3,2506,10809,11255.51,425.8,1,551,831
147102,200109,3,2,1610,5535,21262.29,3522.45,0,481,832
73408,200103,2,1.5,1215,5667,8301.12,1596.64,0,516,833
89789,200002,2,2,1369,9205,8160.37,708.6,0,193,834
382032,200009,4,3,2944,17735,6019.83,326.17,0,784,835
169308,200005,3,2,1732,6065,18700.53,4484.03,1,926,836
129306,200404,2,2,1225,5002,6392.55,90.02,0,41,837
143968,200012,4,3,2466,13310,15005.13,203.94,0,174,838
182800,200108,4,2,2185,6100,13180.31,4649.61,0,486,839
172904,200502,3,2.5,1456,5133,18866.58,4269.13,1,314,840
128031,200107,3,2.5,1456,5227,19067.97,4182.48,0,629,841
144151,200409,3,2,1876,10036,24753.51,599.62,0,365,842
187331,200207,4,3,2786,5250,20128.64,8114.96,0,825,843
126626,200404,3,2,1180,8972,10846.47,168.73,0,804,844
235613,200412,4,3,2394,7943,23056.65,495.28,0,973,845
304640,200310,5,3,2715,22029,20062.66,97.58,1,446,846
152264,200206,3,2,2082,13360,17427.33,714.48,0,789,847
128005,200010,3,2,1559,6021,15622.65,1098.41,0,298,848
262571,200309,4,2.5,3009,8701,19241.56,1683.67,1,698,849
92632,200204,3,2,1281,6909,8860.53,437.01,0,657,850
134400,200308,3,2.5,1480,20913,14423.03,2481.4,0,553,851
286056,200412,4,2.5,3927,7200,21712.65,1355.67,0,495,852
385779,200406,4,3.5,3645,19587,19599.11,3112.43,0,952,853
1580169,200101,5,5.5,5266,23773,16104.68,151.63,1,46,854
108218,200108,4,2.5,1669,10885,11365.49,612.46,0,867,855
439611,200306,5,3,3301,12078,19228.73,2621.42,0,103,856
183006,200206,3,2,1771,11543,17054.58,103.09,1,143,857
234438,200309,5,3,3568,57591,20675.96,162.2,1,606,858
296298,200302,3,2,2940,10164,20957.98,3657.32,1,764,859
176297,200309,4,2,1811,10015,11448.92,435.73,1,294,860
86339,200403,3,2,1205,7656,9838.13,295.85,0,370,861
121583,200304,3,2,1216,5841,17459.44,5774.09,0,95,862
125657,200402,3,2,1551,7667,29303.89,3121.69,0,723,863
769748,200107,4,4,4860,22982,7595.92,87.59,1,564,864
165260,200404,3,2,1732,5869,21688.04,1525.33,0,416,865
139655,200207,3,2,1544,11164,10375.99,3439.01,1,852,866
135749,200211,4,2.5,1842,4620,21113.2,5593.16,0,122,867
187760,200310,5,3,1897,9362,6778.49,255.79,0,715,868
158334,200107,3,2,2269,10701,7694.23,766.9,0,658,869
55571,200108,2,1,792,18300,18631.95,800.84,0,527,870
171915,200404,3,2,1565,5000,13796.89,3910.12,0,494,871
254333,200311,4,2.5,2306,15124,5879.23,152.59,0,453,872
135788,200502,3,2,1457,6314,16739.16,508.99,0,307,873
115649,200201,3,2,1526,9147,17179.99,5224.65,0,162,874
363528,200402,4,3,2768,10804,22834,245.81,1,671,875
151313,200305,4,2.5,2530,9709,24268.92,954.17,0,422,876
87227,200103,3,2,1252,18752,12494.55,624.91,0,637,877
149784,200008,4,2.5,2266,6478,20485.18,4285.51,0,724,878
83744,200301,3,2,1580,8623,10222.64,238.71,0,697,879
98756,200202,3,2,1814,20505,9154.58,601.41,0,62,880
143732,200105,3,2,1809,6977,19243.97,4610.38,0,83,881
133761,200202,4,2,1874,9129,15934.22,2813.82,0,433,882
139003,200012,2,1,1217,6538,2931.84,329.4,0,182,883
194579,200407,3,2,1678,9522,3067.41,287.36,0,829,884
125376,200005,3,2,1592,10849,20436.41,531.63,1,473,885
138838,200011,3,2,1501,10724,10389.63,222.92,1,35,886
60818,200205,2,1,921,12000,7717.57,601.38,0,420,887
334497,200401,4,3,3599,18700,21034.15,369.46,1,727,888
309873,200405,4,2,2569,43595,25037.64,1347.02,1,13,889
151277,200008,4,2.5,2397,6349,21106.88,7338.28,0,632,890
135754,200406,3,2,1289,6731,16596.45,414.8,0,150,891
71852,200109,3,2,1268,4957,21434,426.16,0,781,892
235945,200106,4,2.5,2536,9611,12062.41,710.49,1,136,893
114845,200005,3,2,1675,9000,13271.38,399.13,0,2,894
215647,200005,4,3,2871,16735,7605.03,202.08,0,905,895
155656,200208,4,2,1838,5289,10557.58,181.19,0,220,896
149114,200208,4,2,1948,5499,22217.09,1472.29,0,846,897
138059,200503,3,1.5,1317,8940,5698.38,315.33,0,620,898
213520,200101,4,2.5,2342,10235,9668.91,27.85,0,950,899
102801,200405,4,3,1499,8732,20992.3,264.36,0,112,900
40168,200003,3,2,1104,6708,19693.93,1887.59,0,821,901
113979,200204,3,2,1483,16856,7955.84,347.66,1,730,902
145542,200402,3,2,1461,13025,11298.93,685.23,0,120,903
124865,200104,3,2,1372,9200,11119.11,550.99,1,164,904
75446,200102,3,2,1092,6996,7709.12,665.38,0,467,905
184924,200105,4,2.5,1984,7925,22400.43,6005.88,1,364,906
237424,200204,4,3.5,2867,8035,14249.88,3361.9,0,791,907
99721,200006,5,3,1565,12935,3239.54,199.37,0,465,908
116356,200202,3,1.5,1000,8702,7792.5,1279.72,0,269,909
143234,200301,3,2,1460,7000,14204,2794.42,1,442,910
249062,200308,3,2,1864,11243,10440.98,311.03,1,405,911
84806,200504,2,1,1208,7799,17201.97,629.67,0,920,912
150938,200110,4,2,2015,9829,12207.49,3936.15,1,374,913
65844,200311,2,1,912,8646,2493.83,707.83,0,418,914
181571,200106,3,2,1850,5506,3961.7,789.06,0,589,915
170374,200402,3,2,1950,5488,17109.5,5128.49,0,276,916
267950,200107,4,3,2773,11803,13652.58,509.66,1,807,917
152262,200212,2,1,885,10139,3553.75,403.39,0,701,918
121867,200108,4,2,1674,59084,11937.12,41.24,0,10,919
159369,200501,3,2,2045,9306,9078.38,406.39,0,338,920
168751,200412,4,2,1694,7726,17427.81,5449.89,0,68,921
204791,200411,4,2,1705,5519,17328.19,2715.11,0,27,922
149369,200402,3,2,1328,10356,8909.94,2003.6,0,50,923
179178,200307,3,1.5,1805,9771,3857.19,183.23,0,39,924
120563,200009,4,2,1910,14648,12870.29,595.06,0,292,925
94711,200101,3,2,1406,4727,8383.33,704.62,0,503,926
113913,200205,3,2,1456,10744,2537.62,252.94,0,748,927
613718,200404,3,4,2857,9413,8458.91,133.39,0,942,928
165982,200401,4,2,2057,8859,13845.4,410.94,0,29,929
91393,200208,2,2,927,4231,9715.29,1946.19,0,217,930
93832,200006,3,2,1410,5459,15696.54,742.19,0,329,931
115346,200004,3,2,1646,10066,12417.31,394.01,0,506,932
100871,200001,3,2,1510,7431,15145.19,391,0,633,933
102923,200109,4,2,1274,5134,11682.25,2021.49,1,918,934
87308,200104,6,2,1934,13360,3450.47,244.31,0,76,935
149286,200007,3,2,1930,10119,18782.64,2149.1,1,221,936
177949,200008,3,2.5,1905,6440,10251.53,43.24,0,268,937
323940,200209,4,3,2462,11259,16588.31,431.48,1,579,938
127854,200208,3,2,1632,5526,24595.87,1151.52,0,362,939
245091,200403,3,2,2117,19748,5352.9,247.87,0,157,940
195796,200501,3,2,1801,5460,14525.95,1629.15,0,610,941
134167,200204,3,2,1727,5000,20066.61,895.21,0,301,942
109700,200406,3,1,1526,7653,1380.25,488.24,0,712,943
82036,200111,3,1,1261,6498,8677.59,708.66,0,188,944
136323,200012,4,2.5,1786,5400,20049.9,3181.07,0,449,945
55539,200107,1,1,650,1800,1355.27,300.32,0,685,946
114733,200407,5,2,2498,10177,10920.72,160.42,0,737,947
124277,200210,2,1,1064,6904,4806.85,792.57,0,147,948
100120,200410,2,2,1044,7523,16588.39,418.71,0,924,949
218020,200407,4,2,2184,8117,21301.23,3648.04,1,234,950
121371,200106,3,2,1500,11002,12737.56,751.87,0,239,951
223117,200501,4,3,1630,7050,3972.81,853.1,0,310,952
192257,200312,4,2,1903,6765,22317.42,463.81,0,631,953
181429,200301,3,2,1677,6326,10967.79,426.26,0,943,954
408332,200503,4,3.5,3749,26785,19851.04,382.41,1,421,955
408671,200409,3,2,2754,7803,15986.94,288.14,1,194,956
141283,200107,4,2,2056,10726,17030.87,5732.08,0,769,957
120257,200204,3,2,1376,14786,24385.7,525.54,0,643,958
126189,200210,3,2,1399,10950,13507.07,179.97,0,80,959
152956,200211,4,2,1951,11006,14509.19,414.74,0,389,960
213928,200401,4,2,2294,10241,18687.13,469.26,1,25,961
175808,200408,3,2,2018,9375,23637.68,571.21,0,451,962
97436,200107,3,2,1209,7609,12680.91,2283.87,0,586,963
269929,200106,4,3,2870,76074,25084.24,406.4,1,766,964
104642,200306,3,1,1025,9105,6315.65,1529.18,0,163,965
94830,200006,3,2,1448,11048,14813.44,1309.03,0,343,966
165161,200203,4,2,2611,15176,18248.82,256.2,0,627,967
71715,200005,4,2,1638,9031,10586.02,1095.13,1,941,968
255820,200210,4,3,2873,11110,21087.73,213.17,0,216,969
89074,200008,3,2,1112,4449,13433,2918.96,0,705,970
687735,200312,5,5.5,3954,14874,4917.66,244.87,0,989,971
104202,200211,3,2,1240,9257,7681.12,303.52,0,711,972
134410,200210,4,2,1855,7250,17838.46,969.56,0,795,973
213348,200308,4,2.5,2573,9708,20836.36,615.01,0,666,974
136126,200310,3,2,1440,3487,20536.93,5318.78,1,974,975
139181,200405,3,2,1408,37384,26669.52,645.91,0,303,976
371807,200112,5,3,3424,8626,23335.16,1215.05,1,548,977
229148,200211,5,3,4302,9363,20795.95,202.74,1,272,978
81768,200308,2,1,894,11250,12218.96,672.46,0,385,979
169940,200002,4,2,2073,10622,10561.44,955.74,1,587,980
195449,200406,3,2,1797,10410,20049.27,359.36,0,366,981
122166,200005,2,1,1240,10071,4075.62,843.86,0,233,982
219929,200103,4,2,2822,8433,20473.35,8206.79,0,148,983
131977,200411,3,2,1311,4910,11853.13,1702.47,0,750,984
124036,200009,3,2,1504,12756,10213.68,2636.82,0,119,985
177801,200301,2,2,1614,8719,4208.08,158.64,0,1000,986
433087,200308,4,4,2862,16665,5899.99,186.18,1,870,987
200993,200403,3,2.5,2002,8423,16582.25,595.05,0,585,988
99919,200003,3,2,1585,12476,19922.55,329.17,0,96,989
222196,200404,4,2,2151,6363,20745.73,314.48,0,508,990
210514,200305,3,2,2778,8734,20950.12,8179.27,0,774,991
178359,200409,3,2.5,2132,7015,17619.61,2538.41,0,948,992
120393,200207,3,2,1185,8855,7880.8,1429.58,1,742,993
135297,200406,3,2,1292,4620,11476.51,3237.78,0,984,994
164046,200210,4,2,2028,11655,21921.8,1056.76,0,892,995
589566,200310,5,4.5,4577,9269,15953.84,107.27,1,363,996
178487,200410,3,2,1565,6233,18104.19,1026.8,0,611,997
205350,200303,4,3,2309,19041,14253.12,42.11,1,99,998
84345,200010,3,2,1543,15702,8115.45,1457.05,1,48,999
160326,200301,3,2,1528,8236,15164.92,1039.57,1,261,1000
